,dayofweek,month,day,Temperature_lag_365,Consumption_lag_365,Temperature_lag_730,Consumption_lag_730,Temperature_lag_1095,Consumption_lag_1095,Predicted_Consumption
2024-01-01,0,1,1,23.61772567,11.56848299,39.2114141,7.197799428,22.13378566,10.82847078,8.529668
2024-01-02,1,1,2,44.61828523,8.155978217,40.47071324,8.895493469,25.15845046,8.128291434,8.877795
2024-01-03,2,1,3,41.69717477,11.47937096,38.88192027,9.837152184,20.37897428,11.02236486,8.372161
2024-01-04,3,1,4,24.11414622,5.512656938,20.74407221,7.480241273,41.30200804,6.444281481,8.344315
2024-01-05,4,1,5,24.8579011,11.97593383,39.31247766,9.486768301,27.26627054,11.20237926,8.222857
2024-01-06,5,1,6,30.66977354,11.96244281,26.33874884,11.47645629,42.00930925,10.40865306,7.781957
2024-01-07,6,1,7,26.60765432,8.899747395,25.91304036,5.181901071,27.28787454,5.378799749,7.775855
2024-01-08,0,1,8,25.69305727,5.684079922,43.19358902,6.53889431,31.40003427,5.058962476,8.400666
2024-01-09,1,1,9,21.33839264,9.333600763,21.42282626,5.995794809,29.34237733,10.58933674,8.04619
2024-01-10,2,1,10,24.63366711,11.18105808,41.81929857,10.43950184,39.67203816,10.81744293,8.263268
2024-01-11,3,1,11,39.73344758,10.84976774,28.45296339,6.208882695,31.41224081,6.340117542,8.313068
2024-01-12,4,1,12,41.04170735,8.411347166,42.28866842,7.627520136,26.0063568,9.742518409,8.293617
2024-01-13,5,1,13,42.50815383,10.16801303,26.51352342,10.14758829,28.75340593,11.21289328,8.473111
2024-01-14,6,1,14,36.35955616,6.129274054,23.49609314,10.3994508,37.51922603,6.731379959,8.608121
2024-01-15,0,1,15,37.50118646,8.224577799,26.55223089,7.878657664,33.50262827,6.183808146,8.326689
2024-01-16,1,1,16,23.46215235,9.782374635,37.02990626,8.584297877,44.27671635,8.41489622,8.520043
2024-01-17,2,1,17,43.55031059,5.061772268,23.80631983,10.95772252,24.16549512,11.98048104,9.481748
2024-01-18,3,1,18,24.65284877,7.833642897,31.78915804,8.252594101,33.57866382,5.266947929,8.025444
2024-01-19,4,1,19,37.94530085,6.481801565,30.29173215,5.714268938,32.20746468,10.5646419,8.294686
2024-01-20,5,1,20,22.12166795,7.112115317,32.34961008,6.891687729,39.83849015,11.00990174,8.328942
2024-01-21,6,1,21,22.38508572,8.436314865,31.44234844,9.679958304,24.42045861,11.44321838,8.268765
2024-01-22,0,1,22,33.62432093,5.788234178,35.6103811,7.58529896,22.56795133,11.14145759,8.592949
2024-01-23,1,1,23,39.73672522,6.913532521,40.79956804,10.81854588,26.12351795,11.74030601,8.789177
2024-01-24,2,1,24,32.85495704,11.57842988,20.37051821,5.200971045,38.85871181,6.063249305,9.051174
2024-01-25,3,1,25,43.84055023,10.43867134,23.23876364,9.54744961,33.95242676,10.99939617,8.634547
2024-01-26,4,1,26,37.94443676,6.356397391,21.47775202,9.713678054,23.24457996,9.792913514,8.272458
2024-01-27,5,1,27,26.24029549,8.849595429,43.96537698,8.52390874,29.9111936,8.054268063,7.8674765
2024-01-28,6,1,28,28.04468878,10.77317129,23.05560541,5.873116429,20.55751664,10.57782923,8.406437
2024-01-29,0,1,29,44.45486118,8.863600402,31.88815626,11.64525032,27.44509583,5.765056494,8.729625
2024-01-30,1,1,30,26.96577885,9.693514507,20.16294884,5.892663302,41.80742587,6.69220981,8.084079
2024-01-31,2,1,31,26.63495949,6.779299769,28.25553315,11.14348137,24.81159425,7.200301826,7.931849
2024-02-01,3,2,1,20.16607332,11.30723847,42.52526037,6.090470076,25.85403535,7.124963536,8.183101
2024-02-02,4,2,2,37.67234925,7.914905099,38.3573022,7.188496579,32.74462077,7.240329796,8.662224
2024-02-03,5,2,3,20.14463873,7.638307482,32.64910801,5.489169356,26.87671024,8.764015841,9.008854
2024-02-04,6,2,4,40.57892342,11.24955793,23.90725001,11.14555114,24.9974034,8.943447498,8.6129465
2024-02-05,0,2,5,22.04874666,6.404159298,34.91753091,9.018297421,26.44010089,7.457175245,8.561186
2024-02-06,1,2,6,40.18512176,11.84323171,23.5946592,5.994667486,27.4941303,9.95603033,8.55028
2024-02-07,2,2,7,30.79458843,11.50794918,27.97433056,5.443381673,34.15838755,11.74597509,8.528619
2024-02-08,3,2,8,32.95885123,8.467984468,22.62349016,8.259401336,42.27361934,8.837923933,8.681893
2024-02-09,4,2,9,31.53908627,6.353104502,39.42959197,11.13509931,20.2409409,6.930059199,8.811775
2024-02-10,5,2,10,23.20585134,9.853472858,20.01965326,5.310225251,21.09073687,10.77764376,8.753623
2024-02-11,6,2,11,22.62061085,10.58147377,28.9745192,8.316659707,24.39241691,9.389186808,8.459028
2024-02-12,0,2,12,29.6168502,8.102523264,24.92732578,5.926684603,26.52870413,11.0955048,8.436937
2024-02-13,1,2,13,35.80850128,11.60329641,26.70545938,9.732716351,23.39859281,8.373444631,8.894556
2024-02-14,2,2,14,27.49457166,9.49336206,33.33798941,5.958086428,20.7785457,9.778259958,8.244459
2024-02-15,3,2,15,24.29850801,11.52836053,39.37722268,10.47278617,43.11429165,10.85379219,8.5846615
2024-02-16,4,2,16,34.04287763,8.842342887,21.93441661,9.162579874,37.8275182,9.595039679,8.485968
2024-02-17,5,2,17,30.98019407,10.00085903,30.2385362,7.802655166,25.22140134,5.950210886,8.316869
2024-02-18,6,2,18,44.19371085,9.889152483,37.70341249,6.745155683,30.49230599,5.262119269,8.08067
2024-02-19,0,2,19,20.67852338,9.517010906,31.67513193,10.57369399,23.72319045,5.292591974,8.829594
2024-02-20,1,2,20,37.52021435,8.670997028,34.79563448,9.947862722,30.14166869,5.703637561,8.894136
2024-02-21,2,2,21,22.07593384,5.317774422,36.02527216,8.837248123,37.75229426,8.796735654,8.599346
2024-02-22,3,2,22,36.49577994,8.133163225,26.15398348,10.54512032,39.52048448,8.745680082,8.480199
2024-02-23,4,2,23,37.89553818,7.755627367,30.68181242,9.632653172,21.33251766,6.024706653,8.5672245
2024-02-24,5,2,24,40.57368943,8.795431379,26.36378615,9.176706152,32.93178723,10.07140093,8.409051
2024-02-25,6,2,25,35.35719496,9.342153468,24.69556259,7.048067332,31.68066855,6.386509473,8.31303
2024-02-26,0,2,26,35.65873703,9.705890481,35.51896053,10.03172979,21.18122641,11.59616432,9.011371
2024-02-27,1,2,27,43.58066033,6.242350241,26.64418162,10.38288714,40.4891362,10.55991617,8.313132
2024-02-28,2,2,28,40.1320467,7.482244283,31.4565913,6.541228839,26.96545736,8.195014938,8.495172
2024-02-29,3,2,29,36.30758585,10.69705335,40.74802869,11.43782906,23.31832351,11.57930189,8.898071
2024-03-01,4,3,1,24.15667797,6.506476727,23.45907487,11.71876854,22.63026168,9.344521056,8.054726
2024-03-02,5,3,2,43.03257358,9.418366084,38.89799905,10.06184686,24.28996738,9.93893007,8.2128105
2024-03-03,6,3,3,20.01333093,9.855110891,20.53095183,6.237237876,38.24603157,7.003869241,7.7683973
2024-03-04,0,3,4,35.67044076,11.84592922,29.40049349,11.38509038,35.66568091,9.053696336,8.985857
2024-03-05,1,3,5,20.74184218,6.163126317,38.75157397,9.388094679,21.10299187,11.86183274,8.4109
2024-03-06,2,3,6,44.59063354,10.58135718,22.92296458,7.798831625,35.86607481,9.363405936,8.687254
2024-03-07,3,3,7,21.4115935,5.645561491,36.32810555,9.87989551,21.83300688,7.917239261,8.625894
2024-03-08,4,3,8,29.2981259,9.41076053,27.40318646,11.79821523,24.63169634,10.12696856,8.390682
2024-03-09,5,3,9,28.27453649,5.6700223,44.89445656,8.435817472,37.24040896,10.90709926,8.21583
2024-03-10,6,3,10,26.00028931,5.659559184,33.5703137,8.992839982,28.54261594,5.632579613,8.265605
2024-03-11,0,3,11,25.07578349,8.904364685,34.19007972,10.09967304,39.78992687,10.63015917,8.367891
2024-03-12,1,3,12,31.36956921,7.871239662,41.97254296,11.41096814,44.48206402,6.35406831,8.479456
2024-03-13,2,3,13,43.68136409,5.215199454,22.20472808,7.395937736,24.44066207,8.591556149,8.723789
2024-03-14,3,3,14,25.20181586,10.49703894,30.90434444,11.0191654,35.21673687,9.896220021,8.751784
2024-03-15,4,3,15,33.35101084,7.161906047,21.45199562,11.32009815,41.63287495,7.260022004,8.153941
2024-03-16,5,3,16,28.6364817,7.813610699,27.34270432,6.157400513,31.27822045,9.883787643,8.441702
2024-03-17,6,3,17,39.01362396,7.413970558,31.08531718,5.665009396,43.66008379,7.088422878,8.512275
2024-03-18,0,3,18,41.24637108,11.21462087,28.20715639,6.120363354,40.97337756,5.654532732,8.185073
2024-03-19,1,3,19,37.43895564,9.092749339,26.53477883,8.321846464,36.50208428,5.74932042,8.334289
2024-03-20,2,3,20,43.98676804,6.572682874,27.11553547,6.223569245,26.69883432,5.792002752,8.5381155
2024-03-21,3,3,21,25.07177997,6.827495157,31.35599798,5.627009866,32.42551107,10.69431715,8.56819
2024-03-22,4,3,22,32.78509187,5.058264532,37.29069669,8.236581991,30.623265,7.80031895,8.480168
2024-03-23,5,3,23,30.1558672,8.980330247,32.47385746,8.853653578,30.04571831,10.85459325,8.24213
2024-03-24,6,3,24,27.47988436,6.184251627,30.33465437,10.83753347,43.80900422,11.03167595,8.483366
2024-03-25,0,3,25,42.82825036,11.07646141,28.61933976,11.65697901,35.46795041,7.779521168,9.063784
2024-03-26,1,3,26,33.22459001,11.6129209,31.77810744,8.569327818,24.01540571,6.963500289,8.777614
2024-03-27,2,3,27,31.46175584,8.506094656,21.03424461,5.910823804,29.44989674,10.31152525,8.097517
2024-03-28,3,3,28,33.21175099,5.134486808,34.75214713,11.49842967,24.91082449,6.264517643,9.015806
2024-03-29,4,3,29,42.53804346,11.76234992,24.34850371,7.740771646,28.87176608,6.044519891,8.64096
2024-03-30,5,3,30,22.45820459,8.052295511,28.46238092,10.21310973,40.15761674,7.316862896,8.6243925
2024-03-31,6,3,31,31.29747172,6.840332677,22.90721936,9.35591871,30.22580844,5.012196339,8.54271
2024-04-01,0,4,1,30.23129013,6.331844304,24.91861448,9.916973593,30.69211186,10.60629126,8.509355
2024-04-02,1,4,2,33.27673819,5.542913057,27.70459795,9.142439615,31.90501943,8.868807835,8.41283
2024-04-03,2,4,3,20.99158713,10.07809839,20.73082601,9.222389744,24.93099006,10.99790793,7.8928776
2024-04-04,3,4,4,44.91807755,11.7848904,38.77042153,9.191048173,23.4899421,8.298651045,8.495593
2024-04-05,4,4,5,34.54169393,7.845997237,29.49415189,10.82988261,23.10601572,10.99386332,8.568088
2024-04-06,5,4,6,34.98848134,11.14882641,31.7733743,5.804917687,44.38081844,11.3476679,8.640906
2024-04-07,6,4,7,29.15233883,9.221898851,23.35433426,5.785712751,33.38912095,11.43569885,8.507623
2024-04-08,0,4,8,43.69150686,7.022865405,37.8555602,8.831881524,39.05516408,6.121514351,8.661821
2024-04-09,1,4,9,29.82978368,7.143429651,25.39939168,11.84025753,25.41904084,11.32503474,8.106414
2024-04-10,2,4,10,36.0976755,7.875725878,29.91265552,6.170086794,39.41523105,5.259390141,7.824256
2024-04-11,3,4,11,24.33055383,9.664920308,39.21652488,5.409029298,34.27146045,5.069449343,7.056466
2024-04-12,4,4,12,30.75245755,7.724392347,38.12868886,7.879565267,31.05806065,8.556807367,8.506604
2024-04-13,5,4,13,43.3797693,5.308971696,30.45992281,8.332006573,35.81030965,5.234280539,8.448487
2024-04-14,6,4,14,37.87661391,11.58183988,24.87649327,9.29467535,24.19638611,8.272726749,8.605599
2024-04-15,0,4,15,37.26643721,11.37421591,42.63022886,5.225813059,22.52827821,6.517655508,8.620507
2024-04-16,1,4,16,25.20651127,7.947342992,23.13789112,8.189707906,25.64370425,7.029350341,8.38185
2024-04-17,2,4,17,43.82577127,9.066770644,31.83842945,11.99527707,31.98556966,6.461573828,8.484516
2024-04-18,3,4,18,43.09458515,10.67629732,40.66370115,8.13216945,36.71898636,9.627440427,8.286978
2024-04-19,4,4,19,38.50572371,11.42161406,43.06926141,8.384140627,26.42956051,7.802088412,8.318522
2024-04-20,5,4,20,33.27151714,8.461160506,37.73050444,9.763387245,25.17112283,11.58050949,8.467466
2024-04-21,6,4,21,38.78880725,5.526280905,41.31232285,7.258826593,30.76733982,9.200624467,8.51646
2024-04-22,0,4,22,22.69138331,9.230964854,36.72451008,7.842115185,27.14409003,7.043548054,8.547609
2024-04-23,1,4,23,25.98377634,6.510020523,25.0474955,5.341126236,27.13346174,9.69056895,8.496804
2024-04-24,2,4,24,38.03357679,7.655191728,30.11927792,8.072091174,32.1220871,7.271555807,8.397443
2024-04-25,3,4,25,31.92288391,5.023953508,27.66383143,6.789941308,41.12588463,8.010524504,8.485757
2024-04-26,4,4,26,20.14439472,10.66896288,33.19194439,10.56908382,41.41965406,7.737764068,9.152183
2024-04-27,5,4,27,23.22797221,8.689009912,41.71547978,8.227164506,35.14478516,10.33716931,8.060657
2024-04-28,6,4,28,21.33320976,8.2489787,27.63285606,7.606031836,32.1334259,11.18260361,9.041684
2024-04-29,0,4,29,35.56956381,7.676711921,42.98467388,9.741258111,21.79264229,7.252377573,8.703224
2024-04-30,1,4,30,21.68388798,11.28547163,20.17349599,11.97387755,39.60908062,10.62691125,8.023541
2024-05-01,2,5,1,27.02726848,6.684271471,35.60002603,10.92750408,32.94939973,10.50282685,8.261074
2024-05-02,3,5,2,40.14743399,9.749815209,27.27386944,9.607086103,27.64043424,10.13121616,8.585981
2024-05-03,4,5,3,30.99993489,6.82583185,29.074076,10.65923329,41.85901005,5.098923287,9.634545
2024-05-04,5,5,4,32.23194994,6.464463384,28.91367792,10.07922927,43.38069846,5.185341003,8.745156
2024-05-05,6,5,5,44.0224141,6.048058812,25.35637791,11.70283094,41.08838824,9.85002539,8.308495
2024-05-06,0,5,6,20.56085512,7.595709823,23.29258905,7.30070882,22.26435703,6.065923668,8.576285
2024-05-07,1,5,7,31.08738703,9.675050177,30.97987592,9.499912735,43.7208306,5.661772337,8.581667
2024-05-08,2,5,8,33.31811881,7.412241779,35.18535644,9.969105188,22.07579085,11.01069101,8.590501
2024-05-09,3,5,9,38.61021155,5.799726864,41.63124372,10.67957594,20.07836325,9.515761391,8.065385
2024-05-10,4,5,10,36.95480989,5.30079865,30.04242841,8.233160323,32.85820926,8.849670787,8.541174
2024-05-11,5,5,11,37.45453105,5.856208207,42.81405946,9.513721563,44.74379583,6.312346589,8.682456
2024-05-12,6,5,12,20.35388668,7.53860556,39.63932724,11.19002926,30.91474333,10.94025469,8.023416
2024-05-13,0,5,13,33.93693545,8.451669662,20.11103828,9.894497909,30.41872906,8.142674707,8.4171505
2024-05-14,1,5,14,33.36544454,7.462434353,38.279725,11.85522026,26.20737277,9.381173452,8.572494
2024-05-15,2,5,15,33.14939612,10.24438007,21.64563275,11.63431995,44.50112902,9.574063485,8.786342
2024-05-16,3,5,16,29.81173093,7.460204195,21.53801574,11.58658402,28.77619578,8.538902033,8.53711
2024-05-17,4,5,17,34.85965698,10.67703117,42.2151202,10.28559798,36.05247688,5.822786159,8.639108
2024-05-18,5,5,18,29.02155541,11.79276456,28.70729071,8.919818465,28.78510439,8.334454026,8.2458105
2024-05-19,6,5,19,32.43023696,8.617164042,21.13690954,8.0565873,33.70164294,11.78642539,8.199207
2024-05-20,0,5,20,43.70916106,10.00597857,40.23112317,10.66040096,43.13772686,11.04014392,8.326436
2024-05-21,1,5,21,40.91577262,7.821422418,44.57178386,8.172115691,44.39129252,11.83470584,8.584092
2024-05-22,2,5,22,25.14564069,5.158485297,29.539541,11.56948909,21.83716094,6.687375046,8.741119
2024-05-23,3,5,23,43.77967076,6.499573763,42.68616438,7.340328096,44.27323079,7.031002022,8.275362
2024-05-24,4,5,24,40.38020271,7.39964098,42.97318886,5.959780995,30.50670015,8.002463545,8.410149
2024-05-25,5,5,25,35.63635293,8.36707513,39.39028652,7.011363324,40.69228918,6.963102293,8.406108
2024-05-26,6,5,26,43.11510207,10.40478346,32.4588223,8.710596038,38.57310856,11.59865512,9.516956
2024-05-27,0,5,27,42.24417165,6.293597986,43.68691829,5.315555906,37.98904305,5.734084465,8.36952
2024-05-28,1,5,28,33.39576362,6.846041304,23.9863119,5.808966393,31.01167733,10.95232498,8.2875185
2024-05-29,2,5,29,29.73031347,8.758624851,20.56740673,6.876824679,25.26353804,9.971804423,8.206358
2024-05-30,3,5,30,21.27964487,10.76521296,44.66060429,9.222328715,30.92013255,6.855827643,8.686491
2024-05-31,4,5,31,42.28431355,8.702378762,28.67401493,10.33446893,30.4699347,9.501831891,8.163633
2024-06-01,5,6,1,39.07497932,7.606163685,41.40077126,6.04257664,35.91196214,8.178741727,8.913077
2024-06-02,6,6,2,41.17798443,5.754258533,37.86836301,5.085889818,28.24723257,6.266772314,8.240505
2024-06-03,0,6,3,32.60427194,7.641723433,24.73795111,6.00203115,36.82756878,7.248866692,8.673017
2024-06-04,1,6,4,30.30190757,11.36314426,31.00194205,6.249678009,29.21537137,11.37652791,8.798179
2024-06-05,2,6,5,21.93822717,11.53254525,25.44805814,10.06197954,32.20392304,11.56715336,8.020538
2024-06-06,3,6,6,29.31226775,11.72510944,39.45754427,8.828963788,21.44497276,7.141346372,8.627543
2024-06-07,4,6,7,30.61221866,7.028425605,36.28869807,7.949920011,23.96181005,7.928282212,8.481214
2024-06-08,5,6,8,20.79930956,11.49054114,32.66493998,7.103906102,23.08621729,7.544103483,8.304111
2024-06-09,6,6,9,37.30832357,6.775628743,39.15528931,8.441544796,27.12797633,11.15334394,8.675633
2024-06-10,0,6,10,40.88455409,5.36215067,38.92534815,11.78123619,31.83938492,7.462458868,8.952237
2024-06-11,1,6,11,33.07172606,5.306156247,27.58539331,6.020500108,27.86467583,10.54481761,8.336118
2024-06-12,2,6,12,23.45002924,11.38908675,43.6880649,8.756517287,21.72168635,10.36958331,8.973145
2024-06-13,3,6,13,33.34447919,5.822096512,31.17010998,6.263593445,33.33246298,5.326662714,8.175971
2024-06-14,4,6,14,22.4462369,8.215839982,23.8030595,6.111377685,24.21706024,5.419357508,8.558336
2024-06-15,5,6,15,33.42615475,5.671923303,25.79225673,8.369444677,35.63138451,6.638218338,8.80474
2024-06-16,6,6,16,33.56512313,11.12384237,29.30769136,10.33828996,32.48290835,6.867893719,8.863683
2024-06-17,0,6,17,42.11923147,7.734726949,30.95353584,6.187457052,29.3103914,9.004824411,8.568139
2024-06-18,1,6,18,28.97628901,8.623546418,36.06227164,11.93230613,41.17739124,10.32707785,8.248326
2024-06-19,2,6,19,21.22735728,8.622155654,38.52007772,9.710853354,40.71351271,9.352904207,8.26761
2024-06-20,3,6,20,43.87207227,9.746033194,43.9035695,7.385364146,40.52830315,9.682668007,8.200551
2024-06-21,4,6,21,35.443112,7.865071006,42.28039711,7.765009299,22.98370609,6.507885633,8.619067
2024-06-22,5,6,22,35.63844195,6.609361592,29.95993753,11.50000977,22.92858157,6.850129698,8.627438
2024-06-23,6,6,23,40.58246422,5.602244024,44.58512302,8.315867653,37.4668019,9.930938534,8.460316
2024-06-24,0,6,24,25.13172657,5.762207804,22.04301314,8.050863625,24.48501911,9.066807473,8.807197
2024-06-25,1,6,25,21.98646027,7.005635427,31.11625041,7.883621167,31.51024644,10.02902818,8.377219
2024-06-26,2,6,26,41.08998173,5.298796045,28.68200184,7.927968121,28.02014678,11.24927297,8.335285
2024-06-27,3,6,27,30.24008202,8.705274087,37.43692794,7.605374459,30.00009976,6.948139305,8.582915
2024-06-28,4,6,28,31.16802278,7.518793358,25.49812333,10.00428252,35.44774254,9.855390084,8.55116
2024-06-29,5,6,29,43.24538265,8.764350004,27.40782645,8.26764546,41.14558471,9.642321856,8.793392
2024-06-30,6,6,30,33.26451383,8.569884745,31.46999348,7.757652482,44.65800168,11.05726698,8.3744545
2024-07-01,0,7,1,25.77935385,11.65083284,35.24932515,9.974552505,40.80273911,9.727851833,8.422419
2024-07-02,1,7,2,32.56608836,9.10616863,41.17365125,8.854495058,34.51060932,9.233752038,8.540856
2024-07-03,2,7,3,35.73165131,5.100407469,21.40726301,7.61705532,39.86048941,9.402356179,8.085921
2024-07-04,3,7,4,22.68142262,7.424235919,31.94006207,5.771601879,28.00008747,5.7358914,8.625543
2024-07-05,4,7,5,36.90692981,11.74265017,40.53162326,6.878188347,27.83552764,6.64130831,8.29049
2024-07-06,5,7,6,39.07680967,7.247453322,36.26107425,11.95737952,21.85847323,11.61764761,8.393248
2024-07-07,6,7,7,44.38105174,9.31761552,30.71773542,9.889091908,31.8744017,11.73911589,8.134986
2024-07-08,0,7,8,25.82115178,11.59822159,38.60566158,8.621652443,43.95090484,5.571451766,8.86085
2024-07-09,1,7,9,28.00971334,6.179024183,22.11087506,10.34813792,26.31785,7.570178632,8.768136
2024-07-10,2,7,10,24.09254743,10.00486281,24.32924397,11.73570162,41.93297013,10.38781071,8.820064
2024-07-11,3,7,11,24.35308704,8.255525125,20.35069923,10.66863635,32.17357027,7.923434187,8.274316
2024-07-12,4,7,12,43.84615046,5.785924043,32.01552085,5.456365479,43.26318755,10.90476655,8.474133
2024-07-13,5,7,13,28.07251627,8.660805472,22.11880968,6.037341081,28.80935695,7.609434443,8.545959
2024-07-14,6,7,14,29.28558493,6.286925929,29.99163094,10.51407419,21.53375491,10.72650122,8.647066
2024-07-15,0,7,15,33.06573696,5.887627185,44.16048186,6.024549973,25.149041,7.297874535,8.211044
2024-07-16,1,7,16,25.44223255,8.086919855,31.01344048,11.62094226,26.04483628,5.430615075,8.745881
2024-07-17,2,7,17,22.58886059,6.805172411,30.51052849,10.22703759,30.88265339,11.17752141,8.374546
2024-07-18,3,7,18,37.9687011,10.73487483,44.22695071,5.350074142,30.2778213,6.977850461,8.15482
2024-07-19,4,7,19,20.50391177,9.157371773,35.62037426,8.535623735,32.55809649,5.539759946,9.030261
2024-07-20,5,7,20,24.52813853,8.75531598,28.45628355,7.42910275,27.66711412,10.7980615,8.381971
2024-07-21,6,7,21,33.07484963,8.356983855,26.98941392,10.94012901,23.57481056,9.748902203,8.621776
2024-07-22,0,7,22,33.82433534,8.850819693,43.01404991,6.590982393,44.74197871,5.888606656,8.027099
2024-07-23,1,7,23,40.64390644,5.68960558,20.46811687,6.158876428,21.12693478,11.43011629,8.034001
2024-07-24,2,7,24,22.31144358,11.69371331,26.68674489,7.913616079,30.52456607,8.780349429,8.16866
2024-07-25,3,7,25,31.74782954,7.794491189,39.44993897,10.26268387,42.96305781,10.09323277,8.427072
2024-07-26,4,7,26,23.44023436,6.461663251,33.83419516,5.790378439,34.16178557,6.571419424,8.299559
2024-07-27,5,7,27,37.21217369,6.351482671,23.60035665,11.15056552,32.85798975,10.82189955,8.256892
2024-07-28,6,7,28,39.35384092,5.485687281,26.93990108,10.52083643,42.90849895,7.57819705,8.59261
2024-07-29,0,7,29,42.28908596,9.957155322,36.20867158,6.013175564,32.70087404,5.031907901,7.983903
2024-07-30,1,7,30,38.45374394,7.255547015,42.4384114,6.155196042,43.08743937,5.559604097,8.6365
2024-07-31,2,7,31,40.97191159,9.737395715,38.65465528,9.285061064,41.63470584,6.897680959,8.603322
2024-08-01,3,8,1,41.35891506,10.17764567,41.95231463,11.20008252,27.11588335,6.011261949,7.9526
2024-08-02,4,8,2,42.7276624,8.141414765,35.50692219,10.79938743,30.42729096,5.226266277,8.962249
2024-08-03,5,8,3,28.07159734,5.580208826,42.30275059,6.238531871,41.32261079,5.496905924,8.018132
2024-08-04,6,8,4,35.20399305,9.776835847,41.07697333,8.744627048,39.83688214,5.416645156,8.197036
2024-08-05,0,8,5,44.74954236,6.668186993,26.35926174,5.031663818,35.81140843,11.05970043,7.9069033
2024-08-06,1,8,6,27.49810965,11.55277339,36.70923644,5.879326541,24.34920427,8.333494224,8.697581
2024-08-07,2,8,7,43.6277856,7.607034106,43.45983437,5.498045941,42.02917016,10.90112373,8.153208
2024-08-08,3,8,8,25.64925346,6.411822517,34.36909635,9.191015196,43.85568622,9.030586861,8.826735
2024-08-09,4,8,9,42.02585179,5.101144349,34.64052499,9.714134451,25.39721031,7.657489916,9.041731
2024-08-10,5,8,10,38.80998154,9.254260422,35.97910234,7.025405822,30.20734735,8.384881929,8.283173
2024-08-11,6,8,11,38.94316009,6.043406654,30.46714871,8.165486877,35.43511627,9.466347524,8.58877
2024-08-12,0,8,12,20.11738229,7.337809397,22.91637758,6.624327415,24.9088588,11.76968733,9.24559
2024-08-13,1,8,13,22.11565173,7.914778973,37.1347791,6.484744133,20.29135289,10.09568593,8.386372
2024-08-14,2,8,14,43.10157672,5.473219151,22.00309078,5.375093097,32.2583768,10.22674525,8.001678
2024-08-15,3,8,15,37.07217325,7.328836224,43.04099453,9.744729356,44.0534161,10.17883441,8.722888
2024-08-16,4,8,16,40.35826468,6.828661331,44.61360571,8.999473454,34.35970429,11.67767973,8.719118
2024-08-17,5,8,17,39.41798217,11.16240077,40.33922976,11.14335134,24.93459878,10.99596075,8.602635
2024-08-18,6,8,18,33.89582985,6.114635686,20.43312415,6.720513703,25.20249046,7.794875458,8.813433
2024-08-19,0,8,19,21.01576659,5.541035383,20.5566489,10.87213483,35.34289431,5.253994802,9.097533
2024-08-20,1,8,20,37.21112739,10.82154544,22.66348735,7.608468805,27.57601292,6.244670087,8.485982
2024-08-21,2,8,21,38.14501702,8.487934998,41.03888738,11.4878992,44.35169315,9.111860091,8.827089
2024-08-22,3,8,22,42.05847025,8.267945595,29.4699623,9.251104978,43.77743279,7.651026861,8.490117
2024-08-23,4,8,23,43.16273973,5.034059715,28.51001887,11.99867925,40.53975697,10.1909684,10.184154
2024-08-24,5,8,24,35.54455939,5.809967195,44.45886905,8.517479103,23.41144515,8.543500062,8.684971
2024-08-25,6,8,25,26.18838314,5.460022485,42.19926811,8.161637388,39.90948472,6.62442406,8.764812
2024-08-26,0,8,26,27.77000154,6.454134622,24.510487,10.7336358,23.22914393,11.74260386,8.755615
2024-08-27,1,8,27,26.53720117,11.03181317,42.64803837,11.21801839,25.1760803,10.23916049,8.191736
2024-08-28,2,8,28,28.62571877,5.31260392,35.43029271,7.660298288,23.26783721,10.19427775,8.475704
2024-08-29,3,8,29,28.95753092,8.68209223,40.63925756,5.44962983,33.18784558,11.79052073,8.487111
2024-08-30,4,8,30,24.76982231,5.61342587,40.21701685,8.195742398,44.93230111,10.53485517,8.652514
2024-08-31,5,8,31,37.16994713,11.7288137,20.85072088,11.50282786,34.46321862,5.501903108,8.998044
2024-09-01,6,9,1,44.13802581,11.85348467,42.84539191,9.617436701,43.57884704,7.571668113,8.486023
2024-09-02,0,9,2,28.71734808,6.121249577,29.51292295,9.920469787,39.51153853,8.217013725,8.124041
2024-09-03,1,9,3,26.46351019,9.399216993,24.1695679,10.72285789,24.35366965,6.169961296,8.339738
2024-09-04,2,9,4,40.76854873,11.08403511,23.3616452,8.287604649,32.95407212,10.56257767,8.250164
2024-09-05,3,9,5,38.44411655,10.94330989,28.23497755,8.393023686,31.85031333,5.654372044,8.358479
2024-09-06,4,9,6,40.01018706,11.12386752,21.89127865,5.561790893,38.32138893,8.520176012,8.426043
2024-09-07,5,9,7,31.51519517,10.4551655,24.30317716,11.71009329,29.04075537,7.574164922,8.586754
2024-09-08,6,9,8,28.95801374,8.873115498,23.78896218,11.45816794,28.86184419,11.44201778,8.363191
2024-09-09,0,9,9,27.22859337,7.076989872,22.15437959,10.37051123,43.64286109,9.952394702,8.595433
2024-09-10,1,9,10,42.67250141,9.430512946,28.13654937,10.10357667,36.55177696,7.185134264,8.222144
2024-09-11,2,9,11,28.62822922,9.120103398,31.43248237,9.899737175,31.7854449,6.296893251,8.508534
2024-09-12,3,9,12,23.60681432,5.132324882,22.52969797,7.164758388,28.38608839,7.222809319,8.531744
2024-09-13,4,9,13,27.59549007,8.101572831,43.68989267,6.700902312,40.79180012,6.766317262,8.700971
2024-09-14,5,9,14,21.41391275,7.16908637,29.81548289,6.506380514,31.0897488,11.53088602,8.509331
2024-09-15,6,9,15,42.4454036,7.175869712,31.25681849,5.940227527,28.51796284,8.9094863,8.44096
2024-09-16,0,9,16,34.26637673,5.733563699,27.31554952,8.766986526,35.65745446,11.06066745,8.43119
2024-09-17,1,9,17,43.4293739,10.57409731,29.45048221,5.242670653,33.49959388,6.109599256,8.547253
2024-09-18,2,9,18,24.00731025,11.2317148,36.08554098,7.63038165,31.55180586,8.802423718,8.313452
2024-09-19,3,9,19,33.17088303,6.38801547,30.26888321,9.195607303,29.49830343,10.01471546,8.649958
2024-09-20,4,9,20,28.05983435,7.761981292,32.41679793,8.806856522,20.18421999,5.830092619,8.617904
2024-09-21,5,9,21,24.62243674,10.66518227,41.00961499,8.715319902,29.55455849,6.024426639,8.269595
2024-09-22,6,9,22,21.00842857,10.35519441,26.80604368,5.88108214,33.96304828,11.7779239,8.789572
2024-09-23,0,9,23,26.48494379,6.154027212,37.44120576,7.515894159,38.45660955,5.933182595,8.464877
2024-09-24,1,9,24,32.24575383,6.84887618,30.55261976,8.282990363,29.14248557,11.08482031,8.634819
2024-09-25,2,9,25,34.50370186,5.943044288,30.73774206,5.000106599,30.05007368,5.726690257,8.266613
2024-09-26,3,9,26,28.08532514,6.903897139,44.98698113,10.04195642,40.61716571,11.38642494,8.425295
2024-09-27,4,9,27,44.23867919,6.402091343,41.590032,9.152316291,27.46958043,10.5240746,8.225797
2024-09-28,5,9,28,44.88035131,6.623910988,31.70586474,9.586000727,37.8648855,7.999741441,8.380819
2024-09-29,6,9,29,40.27775173,8.501418707,38.87597544,9.182563646,21.64395829,9.790691491,8.354951
2024-09-30,0,9,30,37.48351726,6.47641714,32.71637829,10.00015255,36.66641625,6.019025381,8.525874
2024-10-01,1,10,1,26.04523013,10.37339817,30.85292688,10.86595487,41.41095228,11.4717333,8.249297
2024-10-02,2,10,2,37.62989934,7.857980733,26.12648642,8.373394161,37.77052451,10.45655105,8.325776
2024-10-03,3,10,3,25.9887709,6.912396708,42.96736041,9.970303647,26.69418268,8.827908612,8.521767
2024-10-04,4,10,4,44.55332132,6.669832863,26.47475111,8.547595051,43.7154067,10.86284297,8.711035
2024-10-05,5,10,5,32.73174708,11.30542806,26.82739047,9.806410752,40.64719506,6.219314134,8.251509
2024-10-06,6,10,6,39.62960012,8.63185601,36.18166839,6.987620408,38.35302639,5.493362617,8.437553
2024-10-07,0,10,7,29.83003471,8.110412331,29.98743396,5.558748993,35.77690622,5.857066038,8.858252
2024-10-08,1,10,8,25.15683717,7.108981375,20.88738821,10.78846542,20.17997539,6.115821733,8.092138
2024-10-09,2,10,9,23.13026875,8.210824208,41.83857096,7.595820733,23.27830316,9.122501012,8.649733
2024-10-10,3,10,10,20.71866069,11.21593325,35.33155932,7.287251028,44.71870128,8.690361176,8.443937
2024-10-11,4,10,11,29.9493311,7.373924864,20.70376715,9.409448692,26.38763105,10.26501378,8.242893
2024-10-12,5,10,12,29.76259912,8.619174995,36.01389126,6.395880857,21.60096325,11.07080011,8.23525
2024-10-13,6,10,13,35.9188685,9.370092205,21.74138066,11.98484834,36.11004094,9.234256702,8.529008
2024-10-14,0,10,14,21.14430693,11.57648058,27.54037251,8.627122912,34.91013058,5.792050815,8.648202
2024-10-15,1,10,15,21.31738382,11.05274593,38.80891821,8.495052515,26.03456218,10.89741809,8.463242
2024-10-16,2,10,16,35.21489706,8.106007884,34.12010088,6.395192986,43.13844687,9.09809449,8.432547
2024-10-17,3,10,17,23.55359393,7.412434789,32.20190836,6.218276717,22.05325526,11.44423929,9.032979
2024-10-18,4,10,18,37.34452518,6.552850565,25.26461879,7.18964422,32.88334529,10.31094737,8.312854
2024-10-19,5,10,19,24.25520258,8.921188816,24.86446872,6.814894731,41.03611878,7.024573381,8.589124
2024-10-20,6,10,20,22.19894785,5.233052301,35.50481133,8.666386018,26.95841021,10.79811812,8.491558
2024-10-21,0,10,21,36.44716725,9.968992095,35.3497335,6.444126837,25.57568074,9.482027532,8.317931
2024-10-22,1,10,22,38.52067898,9.107847321,24.17735266,9.846709293,41.74849016,5.286685158,8.589444
2024-10-23,2,10,23,28.10981955,9.530705487,41.62274869,8.688920548,21.34507279,8.018578684,8.365976
2024-10-24,3,10,24,21.7186102,9.21058271,34.09143296,8.115491044,27.19780613,5.41291918,8.145571
2024-10-25,4,10,25,28.43526934,9.231731149,29.90785243,7.264360389,30.31441643,6.921675847,8.467248
2024-10-26,5,10,26,20.90596324,11.84478504,32.80887735,10.96418989,31.71284232,5.506506841,8.90699
2024-10-27,6,10,27,40.23151942,6.778546173,24.94220061,6.957682225,33.30402541,8.962913771,8.375963
2024-10-28,0,10,28,43.2742094,11.94656997,41.66047818,10.807034,25.96031606,6.341006207,8.671048
2024-10-29,1,10,29,40.95998206,8.523874542,31.19729955,9.487345627,31.1680232,6.031233785,8.5146055
2024-10-30,2,10,30,41.14429475,5.708150447,37.01007675,11.83161273,44.32001398,6.0525426,8.144156
2024-10-31,3,10,31,37.40083601,5.61218426,39.70227604,8.764599173,32.97602118,5.693851749,8.338683
2024-11-01,4,11,1,34.33633433,6.872304153,37.2586532,10.56546496,39.36003827,6.609684569,8.3957615
2024-11-02,5,11,2,31.06516883,6.30091494,40.27902577,11.6256116,43.20714888,11.30374001,8.461907
2024-11-03,6,11,3,34.74132723,8.171385508,43.08366581,5.572482449,42.59490358,5.159260652,8.581763
2024-11-04,0,11,4,25.73542684,10.14829593,31.60577814,5.403574227,27.94838543,7.473035614,8.451325
2024-11-05,1,11,5,25.63743457,9.100940258,38.85878949,11.27371765,24.57940943,8.100925551,8.694397
2024-11-06,2,11,6,44.91747936,7.367694712,41.17471377,10.38190549,25.64992873,11.84675505,8.909467
2024-11-07,3,11,7,24.33032392,10.55492302,33.50704108,10.91296776,20.45232723,5.412978991,8.891329
2024-11-08,4,11,8,25.74859911,9.070532815,33.78042409,11.59891308,32.80289843,7.73696389,8.565567
2024-11-09,5,11,9,39.6896169,9.462521182,26.78498098,10.98877587,33.59154373,9.88253178,8.762737
2024-11-10,6,11,10,22.6922838,5.603650311,27.71191257,7.497366536,23.46314547,11.97269548,9.018903
2024-11-11,0,11,11,28.22975005,10.38472816,36.50809434,8.490683812,41.78421019,7.221058088,8.490752
2024-11-12,1,11,12,43.51410436,11.30690975,40.77745425,6.291378045,29.00183678,8.415282517,8.597793
2024-11-13,2,11,13,21.25198669,8.760324368,34.24904926,5.507506078,32.60353826,11.98802368,7.714214
2024-11-14,3,11,14,27.19941604,5.231412429,37.5478705,5.204093185,25.46524676,11.26485157,8.84755
2024-11-15,4,11,15,27.14224723,8.117817511,32.95401488,8.521422662,34.73619613,11.9707946,8.841196
2024-11-16,5,11,16,41.88309521,9.20900045,26.59530707,5.3766077,21.96475805,9.937254212,8.556621
2024-11-17,6,11,17,23.07567979,6.147580592,31.51390935,8.809290798,34.45739666,10.11982274,8.427162
2024-11-18,0,11,18,41.96167201,7.85223588,25.28432974,5.179333171,23.24010422,11.48096083,8.237881
2024-11-19,1,11,19,36.82901184,5.326966771,21.37825351,7.865252177,29.56920226,7.055206561,8.634343
2024-11-20,2,11,20,24.71863084,11.30697695,33.85557277,8.740611151,23.37726619,11.66318441,8.66294
2024-11-21,3,11,21,40.13267811,6.861621194,34.57667377,7.877835445,27.4924936,5.602576239,8.72079
2024-11-22,4,11,22,36.98468583,9.467505912,30.31724693,11.38193744,42.30929519,5.122720463,8.635041
2024-11-23,5,11,23,21.14814348,11.78618313,44.47164081,9.872830028,26.52168414,11.82604117,8.44729
2024-11-24,6,11,24,27.41579941,11.95011817,26.2330248,7.438984831,22.58374505,5.948957397,8.780275
2024-11-25,0,11,25,32.32237608,11.35214979,36.93987761,10.30499647,26.44075534,6.07190078,8.659208
2024-11-26,1,11,26,34.7933996,9.806926008,36.86136058,8.834171007,25.22652253,7.334168627,8.445089
2024-11-27,2,11,27,25.88392168,9.272471052,26.43790143,5.465418072,38.18885615,7.433661929,8.585013
2024-11-28,3,11,28,30.57875991,8.883989166,29.74034206,6.552618357,22.30519413,6.642801962,8.293881
2024-11-29,4,11,29,44.40572452,11.77919398,26.97769782,9.452655372,36.11186064,9.158215665,8.482552
2024-11-30,5,11,30,26.76686436,7.819793996,24.58017628,9.357840776,32.92985042,9.412084343,8.515137
2024-12-01,6,12,1,28.41418577,8.808965275,25.04867689,7.457305867,35.66617145,10.98070177,8.433357
2024-12-02,0,12,2,21.62788702,11.41010592,39.70792093,6.652113246,33.2421297,8.42813696,8.794097
2024-12-03,1,12,3,21.0686476,11.69520676,43.29054242,11.87890264,27.17931629,5.239227884,8.688982
2024-12-04,2,12,4,21.3826431,5.878284302,29.47233466,11.3423102,26.56303376,10.83992757,7.96284
2024-12-05,3,12,5,22.85345818,11.00314488,35.03459815,8.583212004,26.90103675,11.13056316,8.3857355
2024-12-06,4,12,6,31.14864807,11.35131732,36.32693988,11.97567619,38.40965763,8.071878007,8.163318
2024-12-07,5,12,7,20.26168587,5.851108927,32.55047009,10.98159645,42.92137747,9.444307781,8.519004
2024-12-08,6,12,8,40.02684071,7.937526841,32.06831376,5.422600519,30.35857689,10.0853686,8.388618
2024-12-09,0,12,9,35.41742575,11.01791691,31.93507127,10.61053175,31.07062805,5.543278827,8.971412
2024-12-10,1,12,10,39.21768203,10.84462674,42.40880853,6.925409218,33.26232451,6.243441889,8.772307
2024-12-11,2,12,11,41.47500786,9.807653855,28.30339758,6.974628711,30.76838048,6.41560791,8.179294
2024-12-12,3,12,12,32.97979017,10.83649928,43.60069224,10.17668378,39.03191829,7.88791823,8.580695
2024-12-13,4,12,13,38.65842589,8.313852919,43.3233901,11.52628207,22.91849676,10.9567328,8.644135
2024-12-14,5,12,14,21.47793725,11.09007582,24.55358831,8.068992198,35.67088886,5.404821147,8.036495
2024-12-15,6,12,15,24.8509632,5.84106207,40.54207215,9.678556651,28.45622523,8.057397443,8.6743555
2024-12-16,0,12,16,23.8021713,9.506078911,27.24495139,11.03172406,33.44392148,11.46386368,8.6912985
2024-12-17,1,12,17,37.26055399,9.005918214,25.71230213,5.111201975,43.46598479,10.18322758,8.642813
2024-12-18,2,12,18,41.31432278,11.78212307,28.2069459,11.72995028,42.82974118,6.998959397,8.115447
2024-12-19,3,12,19,31.49158228,10.74199137,32.38252339,9.513360648,24.92693276,10.35135605,8.493564
2024-12-20,4,12,20,39.06721165,11.47916115,30.9489332,6.334117533,30.01385241,11.07333462,8.361144
2024-12-21,5,12,21,38.27286751,8.878183372,27.0123059,10.26803186,36.24942489,9.184630369,8.531011
2024-12-22,6,12,22,33.7331029,6.69748194,31.24019875,8.774682775,43.69598279,11.59370311,9.348423
2024-12-23,0,12,23,34.05175246,11.82775303,25.83359486,11.45527318,39.12600764,7.732725659,8.7146015
2024-12-24,1,12,24,39.34194935,11.73527625,39.43410456,5.226516768,29.29573453,8.115592303,8.504744
2024-12-25,2,12,25,41.05214326,8.185965036,38.4799998,9.399140551,37.68973095,8.314016494,8.56962
2024-12-26,3,12,26,38.72686141,10.75916078,43.71338487,11.14781583,27.01659229,6.033932236,8.120797
2024-12-27,4,12,27,40.95876983,10.62537738,43.97768344,6.840086526,27.47985879,7.358332142,8.495112
2024-12-28,5,12,28,32.75091719,10.461462,40.05347959,6.916742309,43.83394329,10.30676656,8.77764
2024-12-29,6,12,29,22.71850678,7.016091934,20.93933294,6.298903519,21.39312984,9.665921894,8.483699
2024-12-30,0,12,30,34.00816689,9.831627946,26.02551657,7.67301054,32.33871921,11.51277363,8.420257
2024-12-31,1,12,31,44.12251726,8.220082041,23.61772567,11.56848299,39.2114141,7.197799428,8.540473
2025-01-01,2,1,1,21.46968857,10.07054922,44.61828523,8.155978217,40.47071324,8.895493469,8.566529
2025-01-02,3,1,2,41.69640104,9.065019944,41.69717477,11.47937096,38.88192027,9.837152184,8.5582485
2025-01-03,4,1,3,26.28340967,7.454842959,24.11414622,5.512656938,20.74407221,7.480241273,8.024078
2025-01-04,5,1,4,38.64390518,5.6685789,24.8579011,11.97593383,39.31247766,9.486768301,8.301674
2025-01-05,6,1,5,21.70688952,11.09014919,30.66977354,11.96244281,26.33874884,11.47645629,8.757604
2025-01-06,0,1,6,39.49931111,7.896909214,26.60765432,8.899747395,25.91304036,5.181901071,8.115818
2025-01-07,1,1,7,31.59732312,7.76596059,25.69305727,5.684079922,43.19358902,6.53889431,8.377131
2025-01-08,2,1,8,36.92976859,6.788630966,21.33839264,9.333600763,21.42282626,5.995794809,8.233371
2025-01-09,3,1,9,31.70800956,7.371057032,24.63366711,11.18105808,41.81929857,10.43950184,8.137353
2025-01-10,4,1,10,41.4241325,5.89828866,39.73344758,10.84976774,28.45296339,6.208882695,8.44006
2025-01-11,5,1,11,32.52882427,6.311831173,41.04170735,8.411347166,42.28866842,7.627520136,8.827484
2025-01-12,6,1,12,22.40715535,10.57746167,42.50815383,10.16801303,26.51352342,10.14758829,8.452606
2025-01-13,0,1,13,31.72196974,8.035291045,36.35955616,6.129274054,23.49609314,10.3994508,8.072207
2025-01-14,1,1,14,29.21725872,10.86790146,37.50118646,8.224577799,26.55223089,7.878657664,8.428727
2025-01-15,2,1,15,25.95509517,8.537358672,23.46215235,9.782374635,37.02990626,8.584297877,8.392669
2025-01-16,3,1,16,40.45564744,6.369354241,43.55031059,5.061772268,23.80631983,10.95772252,8.598285
2025-01-17,4,1,17,36.96740216,5.722677438,24.65284877,7.833642897,31.78915804,8.252594101,8.49976
2025-01-18,5,1,18,44.75073923,6.918711203,37.94530085,6.481801565,30.29173215,5.714268938,9.0289955
2025-01-19,6,1,19,34.59471195,5.515357877,22.12166795,7.112115317,32.34961008,6.891687729,8.581082
2025-01-20,0,1,20,39.2320395,6.540984778,22.38508572,8.436314865,31.44234844,9.679958304,8.497177
2025-01-21,1,1,21,42.22674281,10.55102477,33.62432093,5.788234178,35.6103811,7.58529896,8.642163
2025-01-22,2,1,22,20.19199496,10.8524415,39.73672522,6.913532521,40.79956804,10.81854588,8.825687
2025-01-23,3,1,23,26.92740491,11.53662635,32.85495704,11.57842988,20.37051821,5.200971045,8.842893
2025-01-24,4,1,24,29.03289438,9.395144895,43.84055023,10.43867134,23.23876364,9.54744961,8.18543
2025-01-25,5,1,25,25.59320668,8.165294489,37.94443676,6.356397391,21.47775202,9.713678054,8.36922
2025-01-26,6,1,26,26.40762616,6.16256906,26.24029549,8.849595429,43.96537698,8.52390874,8.242191
2025-01-27,0,1,27,28.63692833,9.550575519,28.04468878,10.77317129,23.05560541,5.873116429,8.249874
2025-01-28,1,1,28,34.44473233,10.46389804,44.45486118,8.863600402,31.88815626,11.64525032,9.058531
2025-01-29,2,1,29,38.16533051,7.13311954,26.96577885,9.693514507,20.16294884,5.892663302,7.9972773
2025-01-30,3,1,30,23.5395233,5.653234245,26.63495949,6.779299769,28.25553315,11.14348137,8.223951
2025-01-31,4,1,31,35.11721471,6.487682479,20.16607332,11.30723847,42.52526037,6.090470076,8.350148
2025-02-01,5,2,1,25.95393824,5.199250297,37.67234925,7.914905099,38.3573022,7.188496579,8.712124
2025-02-02,6,2,2,38.03305123,9.925394911,20.14463873,7.638307482,32.64910801,5.489169356,8.270126
2025-02-03,0,2,3,30.82730262,7.002396916,40.57892342,11.24955793,23.90725001,11.14555114,8.001221
2025-02-04,1,2,4,21.00166953,6.759674197,22.04874666,6.404159298,34.91753091,9.018297421,8.599249
2025-02-05,2,2,5,24.79251104,6.2338364,40.18512176,11.84323171,23.5946592,5.994667486,8.518386
2025-02-06,3,2,6,43.42653277,11.35019019,30.79458843,11.50794918,27.97433056,5.443381673,8.32418
2025-02-07,4,2,7,41.21977108,7.924926379,32.95885123,8.467984468,22.62349016,8.259401336,8.506279
2025-02-08,5,2,8,38.47833332,11.1149246,31.53908627,6.353104502,39.42959197,11.13509931,8.31803
2025-02-09,6,2,9,23.59762165,9.033691151,23.20585134,9.853472858,20.01965326,5.310225251,8.001997
2025-02-10,0,2,10,41.92927341,9.136639526,22.62061085,10.58147377,28.9745192,8.316659707,8.647002
2025-02-11,1,2,11,35.89266558,9.156969732,29.6168502,8.102523264,24.92732578,5.926684603,8.49626
2025-02-12,2,2,12,40.99996689,10.78384306,35.80850128,11.60329641,26.70545938,9.732716351,8.860745
2025-02-13,3,2,13,42.00433007,6.071843426,27.49457166,9.49336206,33.33798941,5.958086428,8.412907
2025-02-14,4,2,14,43.96346935,11.49485451,24.29850801,11.52836053,39.37722268,10.47278617,8.752812
2025-02-15,5,2,15,39.85985439,11.41160013,34.04287763,8.842342887,21.93441661,9.162579874,8.936676
2025-02-16,6,2,16,37.49022139,11.14220945,30.98019407,10.00085903,30.2385362,7.802655166,8.558655
2025-02-17,0,2,17,44.0032839,5.357873074,44.19371085,9.889152483,37.70341249,6.745155683,8.318107
2025-02-18,1,2,18,35.41434032,6.921692428,20.67852338,9.517010906,31.67513193,10.57369399,8.396968
2025-02-19,2,2,19,24.14253119,11.15551464,37.52021435,8.670997028,34.79563448,9.947862722,8.923674
2025-02-20,3,2,20,20.28772336,9.949035311,22.07593384,5.317774422,36.02527216,8.837248123,8.457162
2025-02-21,4,2,21,36.62010024,7.617743923,36.49577994,8.133163225,26.15398348,10.54512032,8.559749
2025-02-22,5,2,22,44.63698936,7.340124992,37.89553818,7.755627367,30.68181242,9.632653172,8.618505
2025-02-23,6,2,23,24.7541188,7.333512472,40.57368943,8.795431379,26.36378615,9.176706152,8.492768
2025-02-24,0,2,24,25.58856038,9.456757629,35.35719496,9.342153468,24.69556259,7.048067332,8.696656
2025-02-25,1,2,25,31.42241895,11.72666408,35.65873703,9.705890481,35.51896053,10.03172979,8.582911
2025-02-26,2,2,26,30.51510607,9.786754833,43.58066033,6.242350241,26.64418162,10.38288714,8.410308
2025-02-27,3,2,27,22.05974265,9.089173526,40.1320467,7.482244283,31.4565913,6.541228839,8.101243
2025-02-28,4,2,28,42.08807795,11.61023809,36.30758585,10.69705335,40.74802869,11.43782906,8.327965
2025-03-01,5,3,1,27.99470905,6.697546487,24.15667797,6.506476727,23.45907487,11.71876854,8.424473
2025-03-02,6,3,2,39.16516095,6.078251333,43.03257358,9.418366084,38.89799905,10.06184686,8.451254
2025-03-03,0,3,3,34.4233204,5.249047896,20.01333093,9.855110891,20.53095183,6.237237876,8.25893
2025-03-04,1,3,4,31.78566744,5.53957785,35.67044076,11.84592922,29.40049349,11.38509038,8.584195
2025-03-05,2,3,5,41.49706842,7.3644158,20.74184218,6.163126317,38.75157397,9.388094679,8.082418
2025-03-06,3,3,6,36.12838884,7.462020552,44.59063354,10.58135718,22.92296458,7.798831625,8.851874
2025-03-07,4,3,7,28.56368988,10.33866462,21.4115935,5.645561491,36.32810555,9.87989551,8.733799
2025-03-08,5,3,8,37.38068228,6.014983093,29.2981259,9.41076053,27.40318646,11.79821523,8.035722
2025-03-09,6,3,9,28.51451834,7.772971612,28.27453649,5.6700223,44.89445656,8.435817472,8.634076
2025-03-10,0,3,10,20.09800965,7.308122329,26.00028931,5.659559184,33.5703137,8.992839982,8.570355
2025-03-11,1,3,11,33.29227679,5.285072908,25.07578349,8.904364685,34.19007972,10.09967304,8.48003
2025-03-12,2,3,12,42.61953567,8.37956396,31.36956921,7.871239662,41.97254296,11.41096814,8.514913
2025-03-13,3,3,13,32.82094747,6.393817944,43.68136409,5.215199454,22.20472808,7.395937736,8.495682
2025-03-14,4,3,14,28.7836566,9.539170345,25.20181586,10.49703894,30.90434444,11.0191654,8.31404
2025-03-15,5,3,15,42.33798825,9.77758856,33.35101084,7.161906047,21.45199562,11.32009815,8.831755
2025-03-16,6,3,16,23.17468324,7.044896857,28.6364817,7.813610699,27.34270432,6.157400513,8.303473
2025-03-17,0,3,17,40.53619404,8.172828734,39.01362396,7.413970558,31.08531718,5.665009396,8.612734
2025-03-18,1,3,18,29.52725719,9.821618452,41.24637108,11.21462087,28.20715639,6.120363354,8.441879
2025-03-19,2,3,19,32.10030912,8.469191795,37.43895564,9.092749339,26.53477883,8.321846464,8.562519
2025-03-20,3,3,20,28.51777353,11.91953153,43.98676804,6.572682874,27.11553547,6.223569245,8.939534
2025-03-21,4,3,21,28.58625537,10.84578067,25.07177997,6.827495157,31.35599798,5.627009866,8.410397
2025-03-22,5,3,22,22.35284345,9.103529756,32.78509187,5.058264532,37.29069669,8.236581991,7.824988
2025-03-23,6,3,23,27.30220397,8.657987899,30.1558672,8.980330247,32.47385746,8.853653578,8.477293
2025-03-24,0,3,24,43.22678119,11.95032219,27.47988436,6.184251627,30.33465437,10.83753347,8.800099
2025-03-25,1,3,25,38.80429289,10.24347745,42.82825036,11.07646141,28.61933976,11.65697901,8.510294
2025-03-26,2,3,26,26.05675308,7.983294346,33.22459001,11.6129209,31.77810744,8.569327818,8.423632
2025-03-27,3,3,27,42.43899584,5.40450508,31.46175584,8.506094656,21.03424461,5.910823804,8.528281
2025-03-28,4,3,28,32.25273232,7.604899889,33.21175099,5.134486808,34.75214713,11.49842967,8.53631
2025-03-29,5,3,29,32.25435478,7.606946761,42.53804346,11.76234992,24.34850371,7.740771646,8.37358
2025-03-30,6,3,30,22.00816843,8.143593351,22.45820459,8.052295511,28.46238092,10.21310973,8.550869
2025-03-31,0,3,31,26.49674467,6.671518725,31.29747172,6.840332677,22.90721936,9.35591871,8.656865
2025-04-01,1,4,1,43.43612708,6.612379123,30.23129013,6.331844304,24.91861448,9.916973593,8.477571
2025-04-02,2,4,2,32.20549038,8.302537805,33.27673819,5.542913057,27.70459795,9.142439615,8.480272
2025-04-03,3,4,3,42.21527121,9.410142451,20.99158713,10.07809839,20.73082601,9.222389744,8.090482
2025-04-04,4,4,4,23.75651569,6.418797464,44.91807755,11.7848904,38.77042153,9.191048173,7.98439
2025-04-05,5,4,5,22.49089723,10.27389438,34.54169393,7.845997237,29.49415189,10.82988261,8.458659
2025-04-06,6,4,6,23.46496086,8.529720463,34.98848134,11.14882641,31.7733743,5.804917687,8.858102
2025-04-07,0,4,7,23.77132497,8.916103704,29.15233883,9.221898851,23.35433426,5.785712751,8.841157
2025-04-08,1,4,8,27.43911544,5.387323457,43.69150686,7.022865405,37.8555602,8.831881524,8.487276
2025-04-09,2,4,9,27.22401388,7.450788524,29.82978368,7.143429651,25.39939168,11.84025753,8.237271
2025-04-10,3,4,10,27.21320561,6.518373529,36.0976755,7.875725878,29.91265552,6.170086794,8.640064
2025-04-11,4,4,11,38.69737903,5.104992313,24.33055383,9.664920308,39.21652488,5.409029298,8.053722
2025-04-12,5,4,12,31.50157068,9.887312695,30.75245755,7.724392347,38.12868886,7.879565267,8.17745
2025-04-13,6,4,13,27.13288656,9.628487386,43.3797693,5.308971696,30.45992281,8.332006573,8.227695
2025-04-14,0,4,14,44.34932625,11.23717029,37.87661391,11.58183988,24.87649327,9.29467535,9.140246
2025-04-15,1,4,15,23.93613221,6.245370728,37.26643721,11.37421591,42.63022886,5.225813059,9.24905
2025-04-16,2,4,16,28.00605249,5.296219638,25.20651127,7.947342992,23.13789112,8.189707906,8.471009
2025-04-17,3,4,17,24.76866154,8.601197581,43.82577127,9.066770644,31.83842945,11.99527707,8.914049
2025-04-18,4,4,18,40.34560072,5.694651556,43.09458515,10.67629732,40.66370115,8.13216945,8.491345
2025-04-19,5,4,19,20.8664807,6.325243444,38.50572371,11.42161406,43.06926141,8.384140627,8.824279
2025-04-20,6,4,20,28.26751843,11.18723901,33.27151714,8.461160506,37.73050444,9.763387245,8.722214
2025-04-21,0,4,21,39.22954322,6.770314021,38.78880725,5.526280905,41.31232285,7.258826593,8.429817
2025-04-22,1,4,22,23.68348506,11.75152849,22.69138331,9.230964854,36.72451008,7.842115185,8.575846
2025-04-23,2,4,23,21.33003467,10.02395307,25.98377634,6.510020523,25.0474955,5.341126236,8.193327
2025-04-24,3,4,24,38.48744656,10.6569136,38.03357679,7.655191728,30.11927792,8.072091174,8.354967
2025-04-25,4,4,25,31.88793069,6.962557923,31.92288391,5.023953508,27.66383143,6.789941308,8.488005
2025-04-26,5,4,26,23.35374247,10.82972963,20.14439472,10.66896288,33.19194439,10.56908382,7.6996293
2025-04-27,6,4,27,43.31302145,5.70693789,23.22797221,8.689009912,41.71547978,8.227164506,8.558736
2025-04-28,0,4,28,26.55773101,10.58942237,21.33320976,8.2489787,27.63285606,7.606031836,8.6153345
2025-04-29,1,4,29,39.80684008,6.378660564,35.56956381,7.676711921,42.98467388,9.741258111,8.410885
2025-04-30,2,4,30,39.26379881,7.597698178,21.68388798,11.28547163,20.17349599,11.97387755,8.3954935
2025-05-01,3,5,1,33.85456072,7.355419188,27.02726848,6.684271471,35.60002603,10.92750408,8.489896
2025-05-02,4,5,2,40.52630098,8.281605907,40.14743399,9.749815209,27.27386944,9.607086103,8.357215
2025-05-03,5,5,3,23.45035041,11.43613291,30.99993489,6.82583185,29.074076,10.65923329,8.615434
2025-05-04,6,5,4,36.51865465,8.610195867,32.23194994,6.464463384,28.91367792,10.07922927,8.748369
2025-05-05,0,5,5,28.35250475,5.385578636,44.0224141,6.048058812,25.35637791,11.70283094,8.773028
2025-05-06,1,5,6,31.57557663,11.68562152,20.56085512,7.595709823,23.29258905,7.30070882,8.062513
2025-05-07,2,5,7,20.30479307,8.249888269,31.08738703,9.675050177,30.97987592,9.499912735,8.598083
2025-05-08,3,5,8,34.370605,9.81004788,33.31811881,7.412241779,35.18535644,9.969105188,8.428307
2025-05-09,4,5,9,37.03889823,7.204298874,38.61021155,5.799726864,41.63124372,10.67957594,8.279399
2025-05-10,5,5,10,22.43509891,7.897612454,36.95480989,5.30079865,30.04242841,8.233160323,8.218231
2025-05-11,6,5,11,23.35332066,9.033898664,37.45453105,5.856208207,42.81405946,9.513721563,8.582839
2025-05-12,0,5,12,43.57079568,7.207734247,20.35388668,7.53860556,39.63932724,11.19002926,8.85499
2025-05-13,1,5,13,39.77813107,8.510439942,33.93693545,8.451669662,20.11103828,9.894497909,8.407183
2025-05-14,2,5,14,36.36717085,10.26374606,33.36544454,7.462434353,38.279725,11.85522026,8.552154
2025-05-15,3,5,15,23.9397155,10.94334934,33.14939612,10.24438007,21.64563275,11.63431995,8.929873
2025-05-16,4,5,16,39.40578556,11.98657221,29.81173093,7.460204195,21.53801574,11.58658402,8.824518
2025-05-17,5,5,17,31.05536935,9.406633671,34.85965698,10.67703117,42.2151202,10.28559798,8.335338
2025-05-18,6,5,18,27.73973564,6.460144844,29.02155541,11.79276456,28.70729071,8.919818465,8.420285
2025-05-19,0,5,19,31.63863983,6.839717053,32.43023696,8.617164042,21.13690954,8.0565873,8.644509
2025-05-20,1,5,20,36.85440626,8.541625744,43.70916106,10.00597857,40.23112317,10.66040096,8.514659
2025-05-21,2,5,21,23.68324414,9.176437013,40.91577262,7.821422418,44.57178386,8.172115691,8.648481
2025-05-22,3,5,22,34.59198645,8.711948471,25.14564069,5.158485297,29.539541,11.56948909,8.156607
2025-05-23,4,5,23,27.53734683,9.044354618,43.77967076,6.499573763,42.68616438,7.340328096,8.415156
2025-05-24,5,5,24,36.97018946,6.131389993,40.38020271,7.39964098,42.97318886,5.959780995,8.314732
2025-05-25,6,5,25,34.8018709,5.708468643,35.63635293,8.36707513,39.39028652,7.011363324,8.624358
2025-05-26,0,5,26,43.31234456,11.39802835,43.11510207,10.40478346,32.4588223,8.710596038,8.516048
2025-05-27,1,5,27,21.30564392,9.457321364,42.24417165,6.293597986,43.68691829,5.315555906,8.183555
2025-05-28,2,5,28,31.93367038,7.215296752,33.39576362,6.846041304,23.9863119,5.808966393,8.504867
2025-05-29,3,5,29,28.94785606,6.14975497,29.73031347,8.758624851,20.56740673,6.876824679,8.550141
2025-05-30,4,5,30,43.92243944,10.79934155,21.27964487,10.76521296,44.66060429,9.222328715,8.815492
2025-05-31,5,5,31,34.44145673,10.55014274,42.28431355,8.702378762,28.67401493,10.33446893,8.498027
2025-06-01,6,6,1,38.08888572,10.28193387,39.07497932,7.606163685,41.40077126,6.04257664,8.514008
2025-06-02,0,6,2,28.21673028,7.106376974,41.17798443,5.754258533,37.86836301,5.085889818,8.568926
2025-06-03,1,6,3,26.88011389,10.52579163,32.60427194,7.641723433,24.73795111,6.00203115,8.558505
2025-06-04,2,6,4,44.54063175,8.775131924,30.30190757,11.36314426,31.00194205,6.249678009,8.476655
2025-06-05,3,6,5,32.37613307,10.99596879,21.93822717,11.53254525,25.44805814,10.06197954,8.615963
2025-06-06,4,6,6,23.99692932,5.512031632,29.31226775,11.72510944,39.45754427,8.828963788,8.724729
2025-06-07,5,6,7,29.71910013,8.936264738,30.61221866,7.028425605,36.28869807,7.949920011,8.451239
2025-06-08,6,6,8,43.07085547,7.469896778,20.79930956,11.49054114,32.66493998,7.103906102,8.327645
2025-06-09,0,6,9,43.17186389,11.39741727,37.30832357,6.775628743,39.15528931,8.441544796,8.609207
2025-06-10,1,6,10,36.65659098,10.25063156,40.88455409,5.36215067,38.92534815,11.78123619,8.557924
2025-06-11,2,6,11,30.21677632,9.690440671,33.07172606,5.306156247,27.58539331,6.020500108,8.346307
2025-06-12,3,6,12,34.51571301,11.088765,23.45002924,11.38908675,43.6880649,8.756517287,8.539573
2025-06-13,4,6,13,32.63287152,5.396398585,33.34447919,5.822096512,31.17010998,6.263593445,8.529371
2025-06-14,5,6,14,40.08642788,8.825057363,22.4462369,8.215839982,23.8030595,6.111377685,8.490641
2025-06-15,6,6,15,24.34298473,8.570094845,33.42615475,5.671923303,25.79225673,8.369444677,8.0534525
2025-06-16,0,6,16,22.27802722,8.346505945,33.56512313,11.12384237,29.30769136,10.33828996,8.153864
2025-06-17,1,6,17,23.69755892,11.04773044,42.11923147,7.734726949,30.95353584,6.187457052,8.410024
2025-06-18,2,6,18,38.40219389,6.64982712,28.97628901,8.623546418,36.06227164,11.93230613,8.869748
2025-06-19,3,6,19,25.28912277,10.73737216,21.22735728,8.622155654,38.52007772,9.710853354,8.802959
2025-06-20,4,6,20,24.54988718,8.755817124,43.87207227,9.746033194,43.9035695,7.385364146,8.538839
2025-06-21,5,6,21,30.35139688,5.153262909,35.443112,7.865071006,42.28039711,7.765009299,8.704288
2025-06-22,6,6,22,40.38079662,11.15814572,35.63844195,6.609361592,29.95993753,11.50000977,8.599063
2025-06-23,0,6,23,38.80473925,6.621162017,40.58246422,5.602244024,44.58512302,8.315867653,8.159155
2025-06-24,1,6,24,27.40448306,8.137556877,25.13172657,5.762207804,22.04301314,8.050863625,8.228773
2025-06-25,2,6,25,21.81142648,7.109737097,21.98646027,7.005635427,31.11625041,7.883621167,8.229241
2025-06-26,3,6,26,26.76802958,5.782928494,41.08998173,5.298796045,28.68200184,7.927968121,8.337638
2025-06-27,4,6,27,42.22471315,11.12205674,30.24008202,8.705274087,37.43692794,7.605374459,8.587183
2025-06-28,5,6,28,27.39523735,11.51298361,31.16802278,7.518793358,25.49812333,10.00428252,8.44292
2025-06-29,6,6,29,29.99007931,10.32259952,43.24538265,8.764350004,27.40782645,8.26764546,8.251539
2025-06-30,0,6,30,36.17026255,6.034049817,33.26451383,8.569884745,31.46999348,7.757652482,8.395353
2025-07-01,1,7,1,37.96512796,11.29409411,25.77935385,11.65083284,35.24932515,9.974552505,8.770155
2025-07-02,2,7,2,38.33749626,5.14246482,32.56608836,9.10616863,41.17365125,8.854495058,9.4449215
2025-07-03,3,7,3,36.44803207,6.424268743,35.73165131,5.100407469,21.40726301,7.61705532,8.619033
2025-07-04,4,7,4,39.74097796,8.007522684,22.68142262,7.424235919,31.94006207,5.771601879,8.621642
2025-07-05,5,7,5,27.90452716,8.524257293,36.90692981,11.74265017,40.53162326,6.878188347,8.362369
2025-07-06,6,7,6,38.72572219,9.340115037,39.07680967,7.247453322,36.26107425,11.95737952,8.553971
2025-07-07,0,7,7,29.80743236,5.277644792,44.38105174,9.31761552,30.71773542,9.889091908,8.318412
2025-07-08,1,7,8,38.65351634,9.703982177,25.82115178,11.59822159,38.60566158,8.621652443,8.553206
2025-07-09,2,7,9,44.92393305,8.685153694,28.00971334,6.179024183,22.11087506,10.34813792,8.464821
2025-07-10,3,7,10,26.92670999,9.821774084,24.09254743,10.00486281,24.32924397,11.73570162,8.341758
2025-07-11,4,7,11,31.05492481,6.071788549,24.35308704,8.255525125,20.35069923,10.66863635,8.457144
2025-07-12,5,7,12,21.2061732,11.7708121,43.84615046,5.785924043,32.01552085,5.456365479,8.341401
2025-07-13,6,7,13,40.83837298,9.91825188,28.07251627,8.660805472,22.11880968,6.037341081,8.162395
2025-07-14,0,7,14,24.51517669,5.905474293,29.28558493,6.286925929,29.99163094,10.51407419,8.788456
2025-07-15,1,7,15,27.0448185,5.886218048,33.06573696,5.887627185,44.16048186,6.024549973,8.361184
2025-07-16,2,7,16,31.95823969,6.155457656,25.44223255,8.086919855,31.01344048,11.62094226,8.460429
2025-07-17,3,7,17,39.14887833,11.58220159,22.58886059,6.805172411,30.51052849,10.22703759,8.331422
2025-07-18,4,7,18,43.16285113,8.607544028,37.9687011,10.73487483,44.22695071,5.350074142,7.952057
2025-07-19,5,7,19,40.21291548,10.72725276,20.50391177,9.157371773,35.62037426,8.535623735,8.460017
2025-07-20,6,7,20,24.11761811,7.048895523,24.52813853,8.75531598,28.45628355,7.42910275,8.543045
2025-07-21,0,7,21,39.91824775,6.295321379,33.07484963,8.356983855,26.98941392,10.94012901,8.715074
2025-07-22,1,7,22,37.77907808,7.261304817,33.82433534,8.850819693,43.01404991,6.590982393,8.51692
2025-07-23,2,7,23,42.16140122,5.165799505,40.64390644,5.68960558,20.46811687,6.158876428,8.539394
2025-07-24,3,7,24,29.1521295,8.256753758,22.31144358,11.69371331,26.68674489,7.913616079,8.915703
2025-07-25,4,7,25,42.81332255,9.778898114,31.74782954,7.794491189,39.44993897,10.26268387,8.125851
2025-07-26,5,7,26,29.65436643,6.311792178,23.44023436,6.461663251,33.83419516,5.790378439,8.668836
2025-07-27,6,7,27,41.09341546,7.425623596,37.21217369,6.351482671,23.60035665,11.15056552,8.543414
2025-07-28,0,7,28,27.28825156,10.60565569,39.35384092,5.485687281,26.93990108,10.52083643,8.7585535
2025-07-29,1,7,29,42.25012805,8.775473978,42.28908596,9.957155322,36.20867158,6.013175564,8.376466
2025-07-30,2,7,30,35.79239053,8.150714713,38.45374394,7.255547015,42.4384114,6.155196042,8.458202
2025-07-31,3,7,31,44.73002858,11.14335136,40.97191159,9.737395715,38.65465528,9.285061064,8.247568
2025-08-01,4,8,1,23.13317379,7.604019013,41.35891506,10.17764567,41.95231463,11.20008252,8.684004
2025-08-02,5,8,2,33.71704919,9.23997233,42.7276624,8.141414765,35.50692219,10.79938743,8.626032
2025-08-03,6,8,3,37.37841375,6.338397157,28.07159734,5.580208826,42.30275059,6.238531871,8.490378
2025-08-04,0,8,4,32.99794079,11.14399658,35.20399305,9.776835847,41.07697333,8.744627048,8.441903
2025-08-05,1,8,5,43.30134281,9.33311205,44.74954236,6.668186993,26.35926174,5.031663818,8.856378
2025-08-06,2,8,6,29.80141289,10.43443081,27.49810965,11.55277339,36.70923644,5.879326541,8.136347
2025-08-07,3,8,7,36.78422047,5.694981412,43.6277856,7.607034106,43.45983437,5.498045941,7.691417
2025-08-08,4,8,8,40.53030412,10.17078731,25.64925346,6.411822517,34.36909635,9.191015196,8.658034
2025-08-09,5,8,9,31.42727555,11.67994312,42.02585179,5.101144349,34.64052499,9.714134451,8.675224
2025-08-10,6,8,10,28.30680013,7.363968283,38.80998154,9.254260422,35.97910234,7.025405822,8.617689
2025-08-11,0,8,11,44.83806199,11.99883112,38.94316009,6.043406654,30.46714871,8.165486877,7.621508
2025-08-12,1,8,12,42.75618233,10.55452237,20.11738229,7.337809397,22.91637758,6.624327415,8.763405
2025-08-13,2,8,13,38.70382319,7.89603389,22.11565173,7.914778973,37.1347791,6.484744133,8.647236
2025-08-14,3,8,14,26.66933267,5.448194759,43.10157672,5.473219151,22.00309078,5.375093097,8.859664
2025-08-15,4,8,15,36.81131974,10.31231621,37.07217325,7.328836224,43.04099453,9.744729356,8.672479
2025-08-16,5,8,16,21.53295803,9.548624588,40.35826468,6.828661331,44.61360571,8.999473454,8.6053705
2025-08-17,6,8,17,33.3181943,10.60572003,39.41798217,11.16240077,40.33922976,11.14335134,8.4653425
2025-08-18,0,8,18,28.69768262,9.539636253,33.89582985,6.114635686,20.43312415,6.720513703,8.128658
2025-08-19,1,8,19,25.66055629,8.43869649,21.01576659,5.541035383,20.5566489,10.87213483,8.083338
2025-08-20,2,8,20,37.45357329,10.82560121,37.21112739,10.82154544,22.66348735,7.608468805,8.630656
2025-08-21,3,8,21,30.28117239,6.404110703,38.14501702,8.487934998,41.03888738,11.4878992,8.738337
2025-08-22,4,8,22,41.48123411,10.92293992,42.05847025,8.267945595,29.4699623,9.251104978,8.429511
2025-08-23,5,8,23,44.09508133,11.91734259,43.16273973,5.034059715,28.51001887,11.99867925,9.658747
2025-08-24,6,8,24,21.6798246,7.406897261,35.54455939,5.809967195,44.45886905,8.517479103,8.188094
2025-08-25,0,8,25,27.31063392,9.055545658,26.18838314,5.460022485,42.19926811,8.161637388,8.197575
2025-08-26,1,8,26,22.1981462,7.532678662,27.77000154,6.454134622,24.510487,10.7336358,8.531625
2025-08-27,2,8,27,20.53885885,8.25220506,26.53720117,11.03181317,42.64803837,11.21801839,8.955224
2025-08-28,3,8,28,30.43600314,7.632232137,28.62571877,5.31260392,35.43029271,7.660298288,8.453219
2025-08-29,4,8,29,28.77571675,10.35032586,28.95753092,8.68209223,40.63925756,5.44962983,8.184705
2025-08-30,5,8,30,28.21604141,10.78031233,24.76982231,5.61342587,40.21701685,8.195742398,8.606945
2025-08-31,6,8,31,26.36860739,11.0269768,37.16994713,11.7288137,20.85072088,11.50282786,9.4280615
2025-09-01,0,9,1,37.14203032,8.550796143,44.13802581,11.85348467,42.84539191,9.617436701,8.385087
2025-09-02,1,9,2,31.81094349,10.77469103,28.71734808,6.121249577,29.51292295,9.920469787,8.327353
2025-09-03,2,9,3,29.71776611,5.988050845,26.46351019,9.399216993,24.1695679,10.72285789,8.58835
2025-09-04,3,9,4,28.75652277,6.437467066,40.76854873,11.08403511,23.3616452,8.287604649,8.99201
2025-09-05,4,9,5,20.15341743,11.89090724,38.44411655,10.94330989,28.23497755,8.393023686,8.782816
2025-09-06,5,9,6,35.0736212,6.745639891,40.01018706,11.12386752,21.89127865,5.561790893,8.456044
2025-09-07,6,9,7,35.97890315,11.56135576,31.51519517,10.4551655,24.30317716,11.71009329,8.392797
2025-09-08,0,9,8,38.16399168,8.831693777,28.95801374,8.873115498,23.78896218,11.45816794,8.36733
2025-09-09,1,9,9,42.50003456,10.6405142,27.22859337,7.076989872,22.15437959,10.37051123,8.746397
2025-09-10,2,9,10,26.18779886,11.12471222,42.67250141,9.430512946,28.13654937,10.10357667,8.874015
2025-09-11,3,9,11,27.59768641,7.896826643,28.62822922,9.120103398,31.43248237,9.899737175,8.386267
2025-09-12,4,9,12,21.99494655,5.92925425,23.60681432,5.132324882,22.52969797,7.164758388,8.3632765
2025-09-13,5,9,13,25.45164917,11.60060794,27.59549007,8.101572831,43.68989267,6.700902312,8.314106
2025-09-14,6,9,14,23.67823651,9.314295899,21.41391275,7.16908637,29.81548289,6.506380514,8.526929
2025-09-15,0,9,15,22.95135835,8.053319565,42.4454036,7.175869712,31.25681849,5.940227527,8.5375595
2025-09-16,1,9,16,22.34088017,10.65351295,34.26637673,5.733563699,27.31554952,8.766986526,8.558062
2025-09-17,2,9,17,23.24453736,8.666311559,43.4293739,10.57409731,29.45048221,5.242670653,8.959839
2025-09-18,3,9,18,31.39869111,6.571959494,24.00731025,11.2317148,36.08554098,7.63038165,8.213808
2025-09-19,4,9,19,39.14122838,8.840982161,33.17088303,6.38801547,30.26888321,9.195607303,8.332423
2025-09-20,5,9,20,30.97701537,9.740908781,28.05983435,7.761981292,32.41679793,8.806856522,8.319255
2025-09-21,6,9,21,36.65275398,5.671633965,24.62243674,10.66518227,41.00961499,8.715319902,8.547696
2025-09-22,0,9,22,21.27695807,5.266160512,21.00842857,10.35519441,26.80604368,5.88108214,9.044659
2025-09-23,1,9,23,25.40781406,8.426489885,26.48494379,6.154027212,37.44120576,7.515894159,8.669924
2025-09-24,2,9,24,29.05172423,7.489199455,32.24575383,6.84887618,30.55261976,8.282990363,8.429992
2025-09-25,3,9,25,37.18295327,8.792891043,34.50370186,5.943044288,30.73774206,5.000106599,7.587485
2025-09-26,4,9,26,44.74702195,10.50159227,28.08532514,6.903897139,44.98698113,10.04195642,8.403917
2025-09-27,5,9,27,43.08914495,8.767630374,44.23867919,6.402091343,41.590032,9.152316291,8.287238
2025-09-28,6,9,28,40.85122663,6.47053971,44.88035131,6.623910988,31.70586474,9.586000727,8.673569
2025-09-29,0,9,29,28.73363508,6.106445125,40.27775173,8.501418707,38.87597544,9.182563646,8.448795
2025-09-30,1,9,30,26.82182279,9.35477142,37.48351726,6.47641714,32.71637829,10.00015255,8.459297
2025-10-01,2,10,1,26.63445786,8.498342341,26.04523013,10.37339817,30.85292688,10.86595487,8.424323
2025-10-02,3,10,2,43.45912357,6.600735365,37.62989934,7.857980733,26.12648642,8.373394161,8.350988
2025-10-03,4,10,3,29.16866845,6.688603549,25.9887709,6.912396708,42.96736041,9.970303647,8.596863
2025-10-04,5,10,4,31.23954628,9.249088172,44.55332132,6.669832863,26.47475111,8.547595051,8.6389675
2025-10-05,6,10,5,27.9918839,10.50554199,32.73174708,11.30542806,26.82739047,9.806410752,8.726435
2025-10-06,0,10,6,38.82653162,8.396499527,39.62960012,8.63185601,36.18166839,6.987620408,8.357678
2025-10-07,1,10,7,25.1878801,9.982789733,29.83003471,8.110412331,29.98743396,5.558748993,9.133615
2025-10-08,2,10,8,22.10500865,6.064281169,25.15683717,7.108981375,20.88738821,10.78846542,8.647205
2025-10-09,3,10,9,35.51594419,10.93510899,23.13026875,8.210824208,41.83857096,7.595820733,8.458002
2025-10-10,4,10,10,32.37639193,11.55729544,20.71866069,11.21593325,35.33155932,7.287251028,8.175673
2025-10-11,5,10,11,36.16445857,8.053635444,29.9493311,7.373924864,20.70376715,9.409448692,8.701901
2025-10-12,6,10,12,44.99017239,7.352675873,29.76259912,8.619174995,36.01389126,6.395880857,8.5705595
2025-10-13,0,10,13,30.89366123,8.543567069,35.9188685,9.370092205,21.74138066,11.98484834,8.670526
2025-10-14,1,10,14,28.69336356,6.98738728,21.14430693,11.57648058,27.54037251,8.627122912,8.680982
2025-10-15,2,10,15,32.3973638,10.81877953,21.31738382,11.05274593,38.80891821,8.495052515,8.819479
2025-10-16,3,10,16,28.6595075,8.732831378,35.21489706,8.106007884,34.12010088,6.395192986,8.484751
2025-10-17,4,10,17,34.70312078,9.49829789,23.55359393,7.412434789,32.20190836,6.218276717,8.4483795
2025-10-18,5,10,18,34.94296038,6.081509846,37.34452518,6.552850565,25.26461879,7.18964422,8.332021
2025-10-19,6,10,19,23.9136412,5.839908593,24.25520258,8.921188816,24.86446872,6.814894731,8.67837
2025-10-20,0,10,20,20.5355098,6.267958649,22.19894785,5.233052301,35.50481133,8.666386018,8.917947
2025-10-21,1,10,21,30.74533501,5.86406362,36.44716725,9.968992095,35.3497335,6.444126837,8.2524395
2025-10-22,2,10,22,25.94134068,10.28674118,38.52067898,9.107847321,24.17735266,9.846709293,8.771366
2025-10-23,3,10,23,36.73093192,11.17575511,28.10981955,9.530705487,41.62274869,8.688920548,8.113853
2025-10-24,4,10,24,40.3712169,9.492075353,21.7186102,9.21058271,34.09143296,8.115491044,8.459339
2025-10-25,5,10,25,41.82616794,8.43631557,28.43526934,9.231731149,29.90785243,7.264360389,8.000509
2025-10-26,6,10,26,37.97836052,11.45357274,20.90596324,11.84478504,32.80887735,10.96418989,7.9158254
2025-10-27,0,10,27,38.61965448,6.65187304,40.23151942,6.778546173,24.94220061,6.957682225,8.269697
2025-10-28,1,10,28,43.77259902,8.452677832,43.2742094,11.94656997,41.66047818,10.807034,7.4679866
2025-10-29,2,10,29,42.61185795,6.758296113,40.95998206,8.523874542,31.19729955,9.487345627,8.418754
2025-10-30,3,10,30,43.40515603,5.600060016,41.14429475,5.708150447,37.01007675,11.83161273,8.362935
2025-10-31,4,10,31,40.15284779,9.344275743,37.40083601,5.61218426,39.70227604,8.764599173,8.3733
2025-11-01,5,11,1,42.24167852,5.84218514,34.33633433,6.872304153,37.2586532,10.56546496,8.331097
2025-11-02,6,11,2,20.97488307,10.68734088,31.06516883,6.30091494,40.27902577,11.6256116,8.248748
2025-11-03,0,11,3,30.54447712,11.19545677,34.74132723,8.171385508,43.08366581,5.572482449,8.615205
2025-11-04,1,11,4,36.3403169,9.907622361,25.73542684,10.14829593,31.60577814,5.403574227,8.674822
2025-11-05,2,11,5,35.21296088,11.81469577,25.63743457,9.100940258,38.85878949,11.27371765,8.376234
2025-11-06,3,11,6,29.1697743,11.54838059,44.91747936,7.367694712,41.17471377,10.38190549,7.5192733
2025-11-07,4,11,7,44.75692409,7.891380175,24.33032392,10.55492302,33.50704108,10.91296776,8.404508
2025-11-08,5,11,8,33.34339868,7.999969589,25.74859911,9.070532815,33.78042409,11.59891308,8.706747
2025-11-09,6,11,9,35.22934828,11.91117573,39.6896169,9.462521182,26.78498098,10.98877587,8.424041
2025-11-10,0,11,10,36.57920308,10.88625069,22.6922838,5.603650311,27.71191257,7.497366536,8.438194
2025-11-11,1,11,11,39.29805511,10.19990654,28.22975005,10.38472816,36.50809434,8.490683812,8.485645
2025-11-12,2,11,12,43.70237152,10.06263422,43.51410436,11.30690975,40.77745425,6.291378045,8.829881
2025-11-13,3,11,13,31.01760964,6.149229642,21.25198669,8.760324368,34.24904926,5.507506078,8.87509
2025-11-14,4,11,14,30.52589886,5.731828309,27.19941604,5.231412429,37.5478705,5.204093185,8.528125
2025-11-15,5,11,15,23.03128549,9.15005446,27.14224723,8.117817511,32.95401488,8.521422662,8.431275
2025-11-16,6,11,16,39.53295751,7.420034873,41.88309521,9.20900045,26.59530707,5.3766077,8.760576
2025-11-17,0,11,17,28.52393615,6.685627842,23.07567979,6.147580592,31.51390935,8.809290798,8.370586
2025-11-18,1,11,18,26.76100503,6.413053275,41.96167201,7.85223588,25.28432974,5.179333171,8.903172
2025-11-19,2,11,19,24.54067318,6.407044366,36.82901184,5.326966771,21.37825351,7.865252177,8.489361
2025-11-20,3,11,20,24.98897304,5.567697665,24.71863084,11.30697695,33.85557277,8.740611151,8.5535
2025-11-21,4,11,21,22.25540584,11.6489906,40.13267811,6.861621194,34.57667377,7.877835445,8.320361
2025-11-22,5,11,22,27.32082277,10.0238686,36.98468583,9.467505912,30.31724693,11.38193744,8.174549
2025-11-23,6,11,23,35.66853173,8.875759504,21.14814348,11.78618313,44.47164081,9.872830028,8.531204
2025-11-24,0,11,24,33.26607649,10.20686654,27.41579941,11.95011817,26.2330248,7.438984831,7.818516
2025-11-25,1,11,25,22.25289617,9.050688347,32.32237608,11.35214979,36.93987761,10.30499647,8.388541
2025-11-26,2,11,26,42.76442827,9.355963682,34.7933996,9.806926008,36.86136058,8.834171007,8.63163
2025-11-27,3,11,27,21.59377282,11.45753399,25.88392168,9.272471052,26.43790143,5.465418072,8.433205
2025-11-28,4,11,28,27.71795137,11.33993044,30.57875991,8.883989166,29.74034206,6.552618357,8.347228
2025-11-29,5,11,29,39.23484957,7.478984765,44.40572452,11.77919398,26.97769782,9.452655372,8.326367
2025-11-30,6,11,30,21.02810282,5.955332837,26.76686436,7.819793996,24.58017628,9.357840776,8.799623
2025-12-01,0,12,1,37.73664683,11.99965252,28.41418577,8.808965275,25.04867689,7.457305867,8.96214
2025-12-02,1,12,2,21.62283122,11.12707916,21.62788702,11.41010592,39.70792093,6.652113246,8.131141
2025-12-03,2,12,3,41.60724977,7.847669401,21.0686476,11.69520676,43.29054242,11.87890264,7.624555
2025-12-04,3,12,4,23.63709898,6.37709968,21.3826431,5.878284302,29.47233466,11.3423102,8.875177
2025-12-05,4,12,5,36.87582714,5.292782254,22.85345818,11.00314488,35.03459815,8.583212004,8.615412
2025-12-06,5,12,6,37.56166185,7.474708559,31.14864807,11.35131732,36.32693988,11.97567619,8.870445
2025-12-07,6,12,7,26.90567564,7.180131175,20.26168587,5.851108927,32.55047009,10.98159645,8.564164
2025-12-08,0,12,8,41.95611103,8.223567394,40.02684071,7.937526841,32.06831376,5.422600519,8.543273
2025-12-09,1,12,9,34.42823645,6.971088802,35.41742575,11.01791691,31.93507127,10.61053175,8.6074
2025-12-10,2,12,10,36.42196228,8.790460944,39.21768203,10.84462674,42.40880853,6.925409218,8.564933
2025-12-11,3,12,11,41.5790705,5.267850867,41.47500786,9.807653855,28.30339758,6.974628711,8.393903
2025-12-12,4,12,12,29.52055517,6.305945008,32.97979017,10.83649928,43.60069224,10.17668378,8.631589
2025-12-13,5,12,13,27.55339995,9.753460619,38.65842589,8.313852919,43.3233901,11.52628207,8.5857315
2025-12-14,6,12,14,30.94854633,6.978538157,21.47793725,11.09007582,24.55358831,8.068992198,8.441309
2025-12-15,0,12,15,31.68822578,10.88020168,24.8509632,5.84106207,40.54207215,9.678556651,8.525398
2025-12-16,1,12,16,20.47155662,9.907433683,23.8021713,9.506078911,27.24495139,11.03172406,8.141714
2025-12-17,2,12,17,21.64624644,8.116295286,37.26055399,9.005918214,25.71230213,5.111201975,8.370301
2025-12-18,3,12,18,39.29813034,6.895947247,41.31432278,11.78212307,28.2069459,11.72995028,8.450406
2025-12-19,4,12,19,22.74209352,5.335207955,31.49158228,10.74199137,32.38252339,9.513360648,8.516473
2025-12-20,5,12,20,39.56951918,7.380100088,39.06721165,11.47916115,30.9489332,6.334117533,8.384264
2025-12-21,6,12,21,34.57527535,11.84359102,38.27286751,8.878183372,27.0123059,10.26803186,8.543749
2025-12-22,0,12,22,27.05841158,10.38192223,33.7331029,6.69748194,31.24019875,8.774682775,8.842904
2025-12-23,1,12,23,23.01244752,11.06689136,34.05175246,11.82775303,25.83359486,11.45527318,8.956413
2025-12-24,2,12,24,40.81315053,8.859456085,39.34194935,11.73527625,39.43410456,5.226516768,8.435088
2025-12-25,3,12,25,34.52642363,5.454963559,41.05214326,8.185965036,38.4799998,9.399140551,8.719043
2025-12-26,4,12,26,23.54591443,9.971791886,38.72686141,10.75916078,43.71338487,11.14781583,8.2699175
2025-12-27,5,12,27,32.97787838,9.616322919,40.95876983,10.62537738,43.97768344,6.840086526,8.830996
2025-12-28,6,12,28,42.86492711,10.2308837,32.75091719,10.461462,40.05347959,6.916742309,8.732502
2025-12-29,0,12,29,32.38970391,9.146161102,22.71850678,7.016091934,20.93933294,6.298903519,8.109891
2025-12-30,1,12,30,23.21312674,11.25752893,34.00816689,9.831627946,26.02551657,7.67301054,8.206297
2025-12-31,2,12,31,33.53563893,9.243940113,44.12251726,8.220082041,23.61772567,11.56848299,8.313949
